EnsaioId;line;Conc Albumina;Conc Creatinina;Conc Ureia;Estadio;LED1_avg;LED2_avg;LED3_avg;LED4_avg;LED5_avg;LED6_avg
910;17;4,8;0,9;53;Estadio 1;2,66004;0,380158;2,65521;0,810963;2,66482;1,74994
910;17;4,8;0,9;53;Estadio 1;2,66012;0,379958;2,65524;0,810263;2,66493;1,749
910;17;4,8;0,9;53;Estadio 1;2,66016;0,37997;2,65527;0,810777;2,66492;1,75023
910;17;4,8;0,9;53;Estadio 1;2,66007;0,37996;2,65521;0,811293;2,66484;1,75037
910;17;4,8;0,9;53;Estadio 1;2,6601;0,379908;2,65526;0,810615;2,66483;1,75199
910;17;4,8;0,9;53;Estadio 1;2,65998;0,37992;2,65518;0,81107;2,66476;1,75035
910;17;4,8;0,9;53;Estadio 1;2,65997;0,37991;2,65515;0,811164;2,66478;1,74811
910;17;4,8;0,9;53;Estadio 1;2,65995;0,380045;2,65515;0,810805;2,66478;1,74788
910;17;4,8;0,9;53;Estadio 1;2,66002;0,379906;2,65524;0,810562;2,66485;1,74755
910;17;4,8;0,9;53;Estadio 1;2,6599;0,380076;2,65514;0,81129;2,66471;1,74674
912;20;4,1;0,85;23;Estadio 2;2,66005;0,379977;2,65527;0,810084;2,66485;1,76456
912;20;4,1;0,85;23;Estadio 2;2,65996;0,380017;2,65513;0,810456;2,66472;1,7686
912;20;4,1;0,85;23;Estadio 2;2,66005;0,379998;2,65515;0,810679;2,66482;1,76749
912;20;4,1;0,85;23;Estadio 2;2,66;0,379969;2,65517;0,810325;2,66479;1,76547
912;20;4,1;0,85;23;Estadio 2;2,65998;0,379996;2,65516;0,810578;2,66474;1,76601
912;20;4,1;0,85;23;Estadio 2;2,66001;0,379845;2,65522;0,810025;2,66479;1,76551
912;20;4,1;0,85;23;Estadio 2;2,6599;0,379989;2,65503;0,810433;2,66473;1,76554
912;20;4,1;0,85;23;Estadio 2;2,65995;0,379903;2,65516;0,810232;2,66471;1,76813
912;20;4,1;0,85;23;Estadio 2;2,65985;0,379963;2,65509;0,810025;2,66466;1,76925
912;20;4,1;0,85;23;Estadio 2;2,66001;0,379899;2,65515;0,810067;2,66478;1,77081
914;11;4,2;0,75;21;Estadio 1;2,66021;0,380204;2,65543;0,807716;2,66496;1,76873
914;11;4,2;0,75;21;Estadio 1;2,66014;0,380231;2,65539;0,808225;2,66489;1,76863
914;11;4,2;0,75;21;Estadio 1;2,66016;0,380202;2,65535;0,808688;2,66495;1,76847
914;11;4,2;0,75;21;Estadio 1;2,66012;0,380232;2,65534;0,808109;2,66486;1,76948
914;11;4,2;0,75;21;Estadio 1;2,66014;0,380195;2,65531;0,808306;2,66487;1,77039
914;11;4,2;0,75;21;Estadio 1;2,66016;0,380105;2,65528;0,808162;2,66484;1,77251
914;11;4,2;0,75;21;Estadio 1;2,66001;0,380197;2,65524;0,808352;2,66482;1,76995
914;11;4,2;0,75;21;Estadio 1;2,66002;0,380109;2,65529;0,808502;2,6648;1,77022
914;11;4,2;0,75;21;Estadio 1;2,66006;0,379959;2,65528;0,808068;2,66483;1,76976
914;11;4,2;0,75;21;Estadio 1;2,65998;0,380028;2,65519;0,808146;2,66482;1,7688
943;9;4,7;0,8;32;Estadio 0;2,66086;0,381802;2,65618;0,790578;2,66555;1,74223
943;9;4,7;0,8;32;Estadio 0;2,66088;0,381744;2,65619;0,791219;2,66561;1,7402
943;9;4,7;0,8;32;Estadio 0;2,66064;0,381837;2,65612;0,791554;2,66534;1,74904
943;9;4,7;0,8;32;Estadio 0;2,66038;0,382161;2,65569;0,791719;2,66503;1,75151
943;9;4,7;0,8;32;Estadio 0;2,66028;0,382179;2,65562;0,791129;2,66502;1,74551
943;9;4,7;0,8;32;Estadio 0;2,66035;0,382171;2,65563;0,791749;2,66506;1,74488
943;9;4,7;0,8;32;Estadio 0;2,66047;0,38209;2,65579;0,791764;2,66512;1,74321
943;9;4,7;0,8;32;Estadio 0;2,6603;0,382175;2,65556;0,791166;2,66495;1,74571
943;9;4,7;0,8;32;Estadio 0;2,66033;0,382088;2,65566;0,791757;2,66499;1,74762
943;9;4,7;0,8;32;Estadio 0;2,66028;0,382154;2,65557;0,791981;2,6649;1,74801
918;12;4,1;0,9;34;Estadio 1;2,66018;0,380327;2,65535;0,81139;2,66488;1,7786
918;12;4,1;0,9;34;Estadio 1;2,6601;0,380251;2,65535;0,810962;2,6649;1,77696
918;12;4,1;0,9;34;Estadio 1;2,66007;0,380264;2,65531;0,811456;2,66481;1,77902
918;12;4,1;0,9;34;Estadio 1;2,66005;0,380227;2,6552;0,811289;2,66479;1,78018
918;12;4,1;0,9;34;Estadio 1;2,66001;0,380209;2,65522;0,811473;2,66472;1,77831
918;12;4,1;0,9;34;Estadio 1;2,66009;0,380193;2,65531;0,81085;2,66478;1,7762
918;12;4,1;0,9;34;Estadio 1;2,65997;0,380204;2,65528;0,811312;2,66475;1,77382
918;12;4,1;0,9;34;Estadio 1;2,65994;0,38014;2,65519;0,811292;2,66477;1,77795
918;12;4,1;0,9;34;Estadio 1;2,65994;0,380212;2,65522;0,810946;2,6647;1,77963
918;12;4,1;0,9;34;Estadio 1;2,65985;0,380115;2,65517;0,811325;2,66468;1,78327
920;19;4,6;0,8;21;Estadio 2;2,66006;0,380673;2,65537;0,812629;2,66481;1,76659
920;19;4,6;0,8;21;Estadio 2;2,66002;0,38063;2,65533;0,81266;2,66481;1,76706
920;19;4,6;0,8;21;Estadio 2;2,66;0,380649;2,65534;0,812407;2,66481;1,76607
920;19;4,6;0,8;21;Estadio 2;2,65996;0,380668;2,65519;0,81255;2,66466;1,76523
920;19;4,6;0,8;21;Estadio 2;2,65995;0,380579;2,65519;0,81285;2,66469;1,76658
920;19;4,6;0,8;21;Estadio 2;2,65996;0,380649;2,65521;0,8129;2,66466;1,76885
920;19;4,6;0,8;21;Estadio 2;2,65993;0,38058;2,65523;0,812966;2,66471;1,7697
920;19;4,6;0,8;21;Estadio 2;2,65993;0,3806;2,65509;0,813148;2,66467;1,76181
920;19;4,6;0,8;21;Estadio 2;2,65996;0,380589;2,65511;0,813017;2,66466;1,76293
920;19;4,6;0,8;21;Estadio 2;2,65993;0,38055;2,65512;0,813053;2,66467;1,76692
949;8;4,8;0,8;34;Estadio 0;2,66095;0,381355;2,6563;0,794942;2,66555;1,73081
949;8;4,8;0,8;34;Estadio 0;2,66065;0,381544;2,65603;0,795224;2,6654;1,7314
949;8;4,8;0,8;34;Estadio 0;2,66037;0,38186;2,65579;0,795374;2,66509;1,72841
949;8;4,8;0,8;34;Estadio 0;2,66029;0,382079;2,65575;0,795367;2,66502;1,72917
949;8;4,8;0,8;34;Estadio 0;2,66027;0,381848;2,6557;0,795857;2,66499;1,73004
949;8;4,8;0,8;34;Estadio 0;2,66032;0,381858;2,65578;0,796233;2,66501;1,72789
949;8;4,8;0,8;34;Estadio 0;2,66028;0,38184;2,65568;0,79565;2,66501;1,73206
949;8;4,8;0,8;34;Estadio 0;2,6603;0,38187;2,65572;0,795314;2,66499;1,72361
949;8;4,8;0,8;34;Estadio 0;2,6603;0,381868;2,65569;0,794977;2,66498;1,72639
949;8;4,8;0,8;34;Estadio 0;2,66022;0,381893;2,65568;0,795734;2,66496;1,72287
924;18;4,7;0,7;54;Estadio 1;2,66025;0,380749;2,65545;0,809878;2,66494;1,74803
924;18;4,7;0,7;54;Estadio 1;2,66021;0,380605;2,65549;0,809954;2,66493;1,74758
924;18;4,7;0,7;54;Estadio 1;2,66017;0,380595;2,65552;0,809792;2,66495;1,74768
924;18;4,7;0,7;54;Estadio 1;2,66014;0,380648;2,65547;0,810249;2,66488;1,74814
924;18;4,7;0,7;54;Estadio 1;2,66019;0,380567;2,6554;0,809931;2,66491;1,74961
924;18;4,7;0,7;54;Estadio 1;2,66017;0,380628;2,65551;0,80981;2,66489;1,74855
924;18;4,7;0,7;54;Estadio 1;2,66016;0,380683;2,65545;0,809977;2,66486;1,7501
924;18;4,7;0,7;54;Estadio 1;2,66015;0,380568;2,65547;0,81009;2,66487;1,75128
924;18;4,7;0,7;54;Estadio 1;2,66009;0,380616;2,65539;0,810215;2,66481;1,74588
924;18;4,7;0,7;54;Estadio 1;2,66012;0,380614;2,65544;0,810388;2,66479;1,74546
953;7;4,6;0,7;51;Estadio 0;2,66066;0,382197;2,65611;0,796925;2,66537;1,71682
953;7;4,6;0,7;51;Estadio 0;2,66044;0,382303;2,65591;0,796659;2,66509;1,72252
953;7;4,6;0,7;51;Estadio 0;2,66055;0,382219;2,65595;0,797245;2,66519;1,724
953;7;4,6;0,7;51;Estadio 0;2,66052;0,38215;2,65594;0,796502;2,66522;1,71306
953;7;4,6;0,7;51;Estadio 0;2,66046;0,382255;2,6559;0,797585;2,66518;1,71499
953;7;4,6;0,7;51;Estadio 0;2,66047;0,382161;2,65595;0,797447;2,66522;1,71603
953;7;4,6;0,7;51;Estadio 0;2,6604;0,382196;2,65577;0,798348;2,66499;1,71911
953;7;4,6;0,7;51;Estadio 0;2,66045;0,382409;2,65584;0,798123;2,66507;1,71676
953;7;4,6;0,7;51;Estadio 0;2,66033;0,382581;2,65578;0,79778;2,665;1,71354
953;7;4,6;0,7;51;Estadio 0;2,66045;0,382468;2,6559;0,797682;2,66504;1,71026
928;10;4,8;0,71;19;Estadio 1;2,66029;0,381597;2,65564;0,798782;2,66492;1,73063
928;10;4,8;0,71;19;Estadio 1;2,66021;0,381639;2,65562;0,799013;2,66487;1,7308
928;10;4,8;0,71;19;Estadio 1;2,66024;0,381614;2,65558;0,79977;2,66496;1,73134
928;10;4,8;0,71;19;Estadio 1;2,66025;0,38159;2,65558;0,800092;2,66494;1,73195
928;10;4,8;0,71;19;Estadio 1;2,66027;0,381512;2,65554;0,800357;2,66492;1,73208
928;10;4,8;0,71;19;Estadio 1;2,66004;0,381518;2,65541;0,79996;2,66474;1,73213
928;10;4,8;0,71;19;Estadio 1;2,66008;0,381459;2,65546;0,800575;2,66484;1,73103
928;10;4,8;0,71;19;Estadio 1;2,66006;0,381455;2,65548;0,800461;2,66483;1,73181
928;10;4,8;0,71;19;Estadio 1;2,6601;0,381476;2,65539;0,799773;2,6648;1,73405
928;10;4,8;0,71;19;Estadio 1;2,66041;0,380925;2,65585;0,799835;2,66524;1,73489
930;16;4,6;0,95;21;Estadio 1;2,66021;0,381658;2,65559;0,798255;2,6649;1,77168
930;16;4,6;0,95;21;Estadio 1;2,66016;0,381598;2,65553;0,798201;2,66493;1,76967
930;16;4,6;0,95;21;Estadio 1;2,66015;0,381594;2,65552;0,798114;2,66483;1,77187
930;16;4,6;0,95;21;Estadio 1;2,66024;0,381481;2,65555;0,798142;2,66488;1,77248
930;16;4,6;0,95;21;Estadio 1;2,66012;0,381591;2,65551;0,798016;2,66482;1,76806
930;16;4,6;0,95;21;Estadio 1;2,66013;0,381473;2,65544;0,798137;2,66483;1,76531
930;16;4,6;0,95;21;Estadio 1;2,6601;0,381476;2,65542;0,79838;2,66482;1,76326
930;16;4,6;0,95;21;Estadio 1;2,66009;0,381464;2,65543;0,798091;2,6648;1,76133
930;16;4,6;0,95;21;Estadio 1;2,66003;0,381503;2,65546;0,798393;2,66479;1,76155
930;16;4,6;0,95;21;Estadio 1;2,66007;0,381473;2,65541;0,797846;2,66481;1,7607
932;21;4;1,2;36;Estadio 2;2,66016;0,381658;2,65546;0,79783;2,66482;1,75038
932;21;4;1,2;36;Estadio 2;2,66018;0,381497;2,65554;0,798396;2,66484;1,75081
932;21;4;1,2;36;Estadio 2;2,66016;0,381503;2,65551;0,798142;2,6649;1,7514
932;21;4;1,2;36;Estadio 2;2,66017;0,381502;2,65551;0,797583;2,6648;1,7511
932;21;4;1,2;36;Estadio 2;2,66009;0,381586;2,6555;0,797885;2,6648;1,75165
932;21;4;1,2;36;Estadio 2;2,66014;0,381552;2,65545;0,798412;2,66482;1,75082
932;21;4;1,2;36;Estadio 2;2,66007;0,381526;2,65545;0,798008;2,66475;1,74961
932;21;4;1,2;36;Estadio 2;2,66013;0,381531;2,65547;0,798539;2,66477;1,74942
932;21;4;1,2;36;Estadio 2;2,66003;0,381556;2,65539;0,798584;2,66471;1,74817
932;21;4;1,2;36;Estadio 2;2,66011;0,381509;2,65548;0,798194;2,66479;1,73815
935;15;4;0,8;34;Estadio 1;2,66063;0,381299;2,65588;0,789417;2,66539;1,79567
935;15;4;0,8;34;Estadio 1;2,66066;0,381471;2,65576;0,788741;2,66527;1,79749
935;15;4;0,8;34;Estadio 1;2,6606;0,381808;2,65575;0,789119;2,66529;1,79446
935;15;4;0,8;34;Estadio 1;2,66056;0,381847;2,65578;0,789026;2,66522;1,7948
935;15;4;0,8;34;Estadio 1;2,66053;0,381821;2,65579;0,789401;2,66527;1,79416
935;15;4;0,8;34;Estadio 1;2,66058;0,381729;2,65584;0,789178;2,66532;1,7947
935;15;4;0,8;34;Estadio 1;2,66051;0,381804;2,65576;0,78954;2,66522;1,79967
935;15;4;0,8;34;Estadio 1;2,66042;0,381866;2,65571;0,789699;2,66518;1,79053
935;15;4;0,8;34;Estadio 1;2,66057;0,38182;2,65579;0,789025;2,66527;1,792
935;15;4;0,8;34;Estadio 1;2,6605;0,381721;2,65573;0,78928;2,66524;1,79891
916;6;4;0,9;32;Estadio 0;2,66014;0,380292;2,65533;0,808256;2,66486;1,77833
916;6;4;0,9;32;Estadio 0;2,66014;0,380283;2,65525;0,808742;2,66487;1,77519
916;6;4;0,9;32;Estadio 0;2,66009;0,380321;2,65529;0,808568;2,66487;1,77506
916;6;4;0,9;32;Estadio 0;2,66009;0,380329;2,65527;0,808653;2,66484;1,77452
916;6;4;0,9;32;Estadio 0;2,6601;0,380293;2,65533;0,808656;2,66486;1,77202
916;6;4;0,9;32;Estadio 0;2,66013;0,380201;2,6553;0,808591;2,66482;1,77217
916;6;4;0,9;32;Estadio 0;2,66;0,380235;2,65525;0,808475;2,66476;1,77377
916;6;4;0,9;32;Estadio 0;2,65999;0,380216;2,65528;0,808494;2,66487;1,77418
916;6;4;0,9;32;Estadio 0;2,66004;0,380221;2,6553;0,808736;2,6648;1,77428
916;6;4;0,9;32;Estadio 0;2,66008;0,380165;2,65511;0,808235;2,6648;1,77174
939;22;4,5;1,4;55;Estadio 2;2,66056;0,382177;2,65578;0,788918;2,66515;1,76489
939;22;4,5;1,4;55;Estadio 2;2,66043;0,382055;2,65583;0,788729;2,66519;1,76473
939;22;4,5;1,4;55;Estadio 2;2,66051;0,381993;2,65582;0,788324;2,66524;1,76712
939;22;4,5;1,4;55;Estadio 2;2,66048;0,382021;2,65581;0,788428;2,6652;1,76149
939;22;4,5;1,4;55;Estadio 2;2,66035;0,382092;2,65573;0,788311;2,66504;1,7588
939;22;4,5;1,4;55;Estadio 2;2,66037;0,381739;2,65562;0,78825;2,66503;1,76129
939;22;4,5;1,4;55;Estadio 2;2,66045;0,381532;2,65574;0,787827;2,66521;1,76415
939;22;4,5;1,4;55;Estadio 2;2,66055;0,381849;2,65595;0,788286;2,66531;1,75965
939;22;4,5;1,4;55;Estadio 2;2,66024;0,382197;2,65554;0,788857;2,66494;1,76109
939;22;4,5;1,4;55;Estadio 2;2,66015;0,38197;2,65549;0,787973;2,66488;1,75968
941;23;4,4;1,16;38;Estadio 2;2,66042;0,382081;2,6558;0,78994;2,66513;1,77112
941;23;4,4;1,16;38;Estadio 2;2,66037;0,382108;2,65564;0,789779;2,66511;1,77349
941;23;4,4;1,16;38;Estadio 2;2,6603;0,382156;2,65557;0,790052;2,66503;1,76726
941;23;4,4;1,16;38;Estadio 2;2,66033;0,382111;2,65561;0,789924;2,66501;1,76544
941;23;4,4;1,16;38;Estadio 2;2,6604;0,382;2,65573;0,789691;2,66503;1,76439
941;23;4,4;1,16;38;Estadio 2;2,66028;0,382097;2,65561;0,791773;2,66496;1,76394
941;23;4,4;1,16;38;Estadio 2;2,66028;0,382096;2,6556;0,790043;2,66495;1,76586
941;23;4,4;1,16;38;Estadio 2;2,66028;0,382083;2,65559;0,790377;2,66497;1,76748
941;23;4,4;1,16;38;Estadio 2;2,6602;0,38212;2,6556;0,790354;2,66483;1,76781
941;23;4,4;1,16;38;Estadio 2;2,66036;0,381946;2,65569;0,79;2,66498;1,76845
922;5;4,5;0,7;52;Estadio 0;2,66007;0,380566;2,65535;0,812712;2,66477;1,76823
922;5;4,5;0,7;52;Estadio 0;2,66007;0,380483;2,65525;0,810763;2,66481;1,76827
922;5;4,5;0,7;52;Estadio 0;2,66006;0,380525;2,65535;0,811083;2,66484;1,76792
922;5;4,5;0,7;52;Estadio 0;2,66007;0,380476;2,65522;0,811195;2,66481;1,76543
922;5;4,5;0,7;52;Estadio 0;2,65992;0,380539;2,65524;0,811426;2,66469;1,76076
922;5;4,5;0,7;52;Estadio 0;2,65999;0,3805;2,65521;0,810992;2,66477;1,7602
922;5;4,5;0,7;52;Estadio 0;2,65989;0,380563;2,6552;0,81095;2,66464;1,75888
922;5;4,5;0,7;52;Estadio 0;2,6599;0,38048;2,65522;0,811531;2,66465;1,75966
922;5;4,5;0,7;52;Estadio 0;2,65999;0,380482;2,65525;0,811043;2,6648;1,75823
922;5;4,5;0,7;52;Estadio 0;2,6599;0,380477;2,65521;0,811092;2,66468;1,75833
945;24;3,9;1,7;36;Estadio 2;2,66036;0,382381;2,65571;0,791576;2,66503;1,7405
945;24;3,9;1,7;36;Estadio 2;2,66036;0,382334;2,65581;0,791612;2,66512;1,74135
945;24;3,9;1,7;36;Estadio 2;2,6604;0,382246;2,65578;0,791368;2,6651;1,74282
945;24;3,9;1,7;36;Estadio 2;2,66034;0,382255;2,65581;0,792112;2,66501;1,74103
945;24;3,9;1,7;36;Estadio 2;2,66023;0,382343;2,65559;0,791316;2,66488;1,74272
945;24;3,9;1,7;36;Estadio 2;2,66048;0,382031;2,65577;0,790954;2,66516;1,74434
945;24;3,9;1,7;36;Estadio 2;2,66034;0,382238;2,65579;0,791067;2,66498;1,74617
945;24;3,9;1,7;36;Estadio 2;2,66046;0,382143;2,65577;0,790779;2,66511;1,74907
945;24;3,9;1,7;36;Estadio 2;2,66025;0,38229;2,65551;0,791365;2,66488;1,75177
945;24;3,9;1,7;36;Estadio 2;2,66042;0,382105;2,65578;0,790941;2,66506;1,75153
947;14;4,5;0,82;36;Estadio 1;2,66065;0,382043;2,65597;0,796451;2,66534;1,73719
947;14;4,5;0,82;36;Estadio 1;2,66064;0,381958;2,65604;0,796326;2,66535;1,73607
947;14;4,5;0,82;36;Estadio 1;2,66055;0,382075;2,65593;0,795318;2,66526;1,72949
947;14;4,5;0,82;36;Estadio 1;2,6606;0,381957;2,656;0,796455;2,66531;1,73476
947;14;4,5;0,82;36;Estadio 1;2,66056;0,382095;2,65591;0,795543;2,6653;1,73053
947;14;4,5;0,82;36;Estadio 1;2,66063;0,381951;2,65597;0,79588;2,66533;1,732
947;14;4,5;0,82;36;Estadio 1;2,66057;0,381812;2,65591;0,795566;2,66525;1,73299
947;14;4,5;0,82;36;Estadio 1;2,66047;0,381919;2,65591;0,796281;2,66517;1,73224
947;14;4,5;0,82;36;Estadio 1;2,66046;0,381942;2,65589;0,794929;2,66524;1,73238
947;14;4,5;0,82;36;Estadio 1;2,66044;0,381856;2,65581;0,795218;2,66517;1,73967
926;4;4,6;0,9;51;Estadio 0;2,66025;0,380775;2,6556;0,810476;2,66495;1,73486
926;4;4,6;0,9;51;Estadio 0;2,66023;0,380716;2,65555;0,810169;2,66496;1,73038
926;4;4,6;0,9;51;Estadio 0;2,66026;0,380626;2,65569;0,810877;2,66501;1,72992
926;4;4,6;0,9;51;Estadio 0;2,66013;0,380718;2,65552;0,809968;2,66487;1,73028
926;4;4,6;0,9;51;Estadio 0;2,66018;0,380594;2,6555;0,811;2,6649;1,73034
926;4;4,6;0,9;51;Estadio 0;2,66036;0,380254;2,65576;0,810419;2,6651;1,72999
926;4;4,6;0,9;51;Estadio 0;2,66052;0,380242;2,65586;0,810931;2,66523;1,72954
926;4;4,6;0,9;51;Estadio 0;2,66053;0,380235;2,65589;0,811139;2,66526;1,73021
926;4;4,6;0,9;51;Estadio 0;2,66027;0,380518;2,65566;0,811363;2,66499;1,72989
926;4;4,6;0,9;51;Estadio 0;2,66008;0,380664;2,65537;0,810927;2,6648;1,72813
951;13;4,6;0,85;53;Estadio 1;2,66058;0,382617;2,65603;0,796726;2,66521;1,71157
951;13;4,6;0,85;53;Estadio 1;2,66038;0,382674;2,65587;0,796677;2,66506;1,71778
951;13;4,6;0,85;53;Estadio 1;2,6605;0,382376;2,65598;0,795425;2,66522;1,72239
951;13;4,6;0,85;53;Estadio 1;2,6604;0,382398;2,65597;0,796252;2,66508;1,71585
951;13;4,6;0,85;53;Estadio 1;2,66026;0,382535;2,6558;0,795889;2,66498;1,71839
951;13;4,6;0,85;53;Estadio 1;2,66048;0,382241;2,65595;0,795601;2,66518;1,71237
951;13;4,6;0,85;53;Estadio 1;2,66067;0,382006;2,65609;0,796639;2,6653;1,71128
951;13;4,6;0,85;53;Estadio 1;2,66052;0,382074;2,65593;0,796315;2,66528;1,71256
951;13;4,6;0,85;53;Estadio 1;2,66038;0,382275;2,65584;0,797051;2,6651;1,71192
951;13;4,6;0,85;53;Estadio 1;2,66033;0,382436;2,65588;0,797398;2,66505;1,71046
937;3;4,1;0,95;19;Estadio 0;2,66058;0,381928;2,65582;0,792929;2,66524;1,77668
937;3;4,1;0,95;19;Estadio 0;2,6604;0,382011;2,65565;0,79386;2,66513;1,7754
937;3;4,1;0,95;19;Estadio 0;2,66054;0,381876;2,65579;0,794953;2,66524;1,7772
937;3;4,1;0,95;19;Estadio 0;2,66041;0,381873;2,65571;0,79456;2,66512;1,77509
937;3;4,1;0,95;19;Estadio 0;2,66038;0,381885;2,65566;0,794797;2,66506;1,77425
937;3;4,1;0,95;19;Estadio 0;2,66036;0,381944;2,65564;0,796192;2,66497;1,77637
937;3;4,1;0,95;19;Estadio 0;2,66048;0,381821;2,65572;0,794463;2,66519;1,77712
937;3;4,1;0,95;19;Estadio 0;2,66039;0,381847;2,65568;0,791097;2,665;1,77828
937;3;4,1;0,95;19;Estadio 0;2,66039;0,381827;2,65566;0,790278;2,66507;1,77989
937;3;4,1;0,95;19;Estadio 0;2,66039;0,381848;2,65572;0,789956;2,66514;1,78462
955;2;4,2;0,75;19;Estadio 0;2,66056;0,382927;2,65601;0,79447;2,66518;1,72012
955;2;4,2;0,75;19;Estadio 0;2,66057;0,382639;2,65602;0,794627;2,66526;1,72036
955;2;4,2;0,75;19;Estadio 0;2,66075;0,382541;2,65621;0,793436;2,66534;1,72068
955;2;4,2;0,75;19;Estadio 0;2,66044;0,38272;2,65598;0,795379;2,66512;1,72447
955;2;4,2;0,75;19;Estadio 0;2,66032;0,382799;2,65572;0,795907;2,66491;1,72142
955;2;4,2;0,75;19;Estadio 0;2,66046;0,382642;2,65589;0,794998;2,66513;1,72217
955;2;4,2;0,75;19;Estadio 0;2,66034;0,382748;2,65582;0,794898;2,66501;1,72273
955;2;4,2;0,75;19;Estadio 0;2,66039;0,382626;2,65586;0,795381;2,6651;1,72205
955;2;4,2;0,75;19;Estadio 0;2,6605;0,382538;2,65599;0,794857;2,66519;1,72287
955;2;4,2;0,75;19;Estadio 0;2,66061;0,382382;2,65607;0,796097;2,66526;1,71975
957;1;4,8;0,71;17;Estadio 0;2,66049;0,382829;2,65599;0,796075;2,66512;1,72712
957;1;4,8;0,71;17;Estadio 0;2,66049;0,382758;2,65604;0,795922;2,66515;1,72738
957;1;4,8;0,71;17;Estadio 0;2,66031;0,382822;2,65579;0,796316;2,66499;1,72672
957;1;4,8;0,71;17;Estadio 0;2,66055;0,382669;2,65602;0,795191;2,66521;1,72699
957;1;4,8;0,71;17;Estadio 0;2,66062;0,382578;2,6561;0,795405;2,66523;1,72842
957;1;4,8;0,71;17;Estadio 0;2,66054;0,382578;2,65605;0,796602;2,66519;1,72529
957;1;4,8;0,71;17;Estadio 0;2,66036;0,382815;2,65586;0,796242;2,665;1,71824
957;1;4,8;0,71;17;Estadio 0;2,66043;0,382769;2,65585;0,795164;2,66508;1,72086
957;1;4,8;0,71;17;Estadio 0;2,66038;0,382786;2,65588;0,79421;2,66506;1,72464
957;1;4,8;0,71;17;Estadio 0;2,66033;0,382795;2,65585;0,795154;2,66502;1,71767
959;46;4,15;5,5;170;Estadio 5;2,66178;0,381707;2,65768;0,78825;2,66645;1,48075
959;46;4,15;5,5;170;Estadio 5;2,6617;0,381666;2,65758;0,788448;2,66632;1,48282
959;46;4,15;5,5;170;Estadio 5;2,66175;0,38154;2,65766;0,78852;2,66639;1,48188
959;46;4,15;5,5;170;Estadio 5;2,66191;0,381379;2,65793;0,788082;2,66658;1,48218
959;46;4,15;5,5;170;Estadio 5;2,66216;0,381171;2,65805;0,787323;2,66676;1,48003
959;46;4,15;5,5;170;Estadio 5;2,66212;0,381165;2,65791;0,788626;2,66674;1,48154
959;46;4,15;5,5;170;Estadio 5;2,66187;0,381392;2,65765;0,787945;2,66644;1,48005
959;46;4,15;5,5;170;Estadio 5;2,66161;0,381677;2,65743;0,788206;2,66616;1,47954
959;46;4,15;5,5;170;Estadio 5;2,66162;0,381573;2,65745;0,788072;2,66624;1,48118
959;46;4,15;5,5;170;Estadio 5;2,6616;0,381614;2,65757;0,788541;2,66623;1,48113
961;54;4,15;6,6;170;Estadio 5;2,66164;0,381608;2,65748;0,786522;2,66622;1,49627
961;54;4,15;6,6;170;Estadio 5;2,66165;0,38161;2,65742;0,786631;2,66616;1,5049
961;54;4,15;6,6;170;Estadio 5;2,66153;0,381527;2,65743;0,7867;2,66611;1,49115
961;54;4,15;6,6;170;Estadio 5;2,66155;0,381557;2,65748;0,786865;2,66619;1,48442
961;54;4,15;6,6;170;Estadio 5;2,66157;0,381605;2,65744;0,786571;2,6662;1,48141
961;54;4,15;6,6;170;Estadio 5;2,66142;0,381617;2,65728;0,786827;2,66603;1,48378
961;54;4,15;6,6;170;Estadio 5;2,66146;0,381516;2,65731;0,787436;2,66603;1,48465
961;54;4,15;6,6;170;Estadio 5;2,66149;0,38156;2,65736;0,786979;2,66607;1,48582
961;54;4,15;6,6;170;Estadio 5;2,66144;0,381586;2,65726;0,787753;2,66606;1,48661
961;54;4,15;6,6;170;Estadio 5;2,66153;0,38148;2,65729;0,787964;2,66613;1,48554
964;50;3,8;5,18;180;Estadio 5;2,66157;0,381687;2,65737;0,786615;2,66618;1,53136
964;50;3,8;5,18;180;Estadio 5;2,66153;0,381622;2,65733;0,787;2,66621;1,53254
964;50;3,8;5,18;180;Estadio 5;2,66154;0,381572;2,65735;0,786736;2,66605;1,53317
964;50;3,8;5,18;180;Estadio 5;2,66143;0,381583;2,65736;0,78685;2,66615;1,53427
964;50;3,8;5,18;180;Estadio 5;2,66147;0,381634;2,6573;0,786676;2,66605;1,5348
964;50;3,8;5,18;180;Estadio 5;2,66148;0,381548;2,6573;0,787043;2,66604;1,53632
964;50;3,8;5,18;180;Estadio 5;2,66144;0,381586;2,65733;0,786227;2,66602;1,5359
964;50;3,8;5,18;180;Estadio 5;2,66138;0,381638;2,65722;0,786817;2,66604;1,53914
964;50;3,8;5,18;180;Estadio 5;2,66148;0,381488;2,65737;0,786717;2,66602;1,53958
964;50;3,8;5,18;180;Estadio 5;2,6614;0,381555;2,65719;0,787201;2,66605;1,53878
966;43;4,25;2,6;128;Estadio 4;2,6615;0,381754;2,65735;0,7873;2,66616;1,5392
966;43;4,25;2,6;128;Estadio 4;2,66156;0,381502;2,65734;0,78693;2,66606;1,60679
966;43;4,25;2,6;128;Estadio 4;2,66158;0,381398;2,65739;0,786596;2,66609;1,65086
966;43;4,25;2,6;128;Estadio 4;2,66161;0,381374;2,65732;0,787447;2,66613;1,64722
966;43;4,25;2,6;128;Estadio 4;2,66148;0,381375;2,65741;0,786791;2,66614;1,64706
966;43;4,25;2,6;128;Estadio 4;2,66136;0,381433;2,65717;0,787141;2,66605;1,64114
966;43;4,25;2,6;128;Estadio 4;2,66143;0,381362;2,65723;0,786697;2,66602;1,63483
966;43;4,25;2,6;128;Estadio 4;2,66142;0,381468;2,65719;0,786676;2,66597;1,63705
966;43;4,25;2,6;128;Estadio 4;2,66143;0,381397;2,65731;0,786752;2,66597;1,63874
966;43;4,25;2,6;128;Estadio 4;2,66137;0,381401;2,65719;0,786766;2,66595;1,63944
968;44;4,45;2,6;134;Estadio 4;2,66159;0,38139;2,65735;0,787588;2,66621;1,63565
968;44;4,45;2,6;134;Estadio 4;2,66157;0,381342;2,65746;0,787634;2,66617;1,63786
968;44;4,45;2,6;134;Estadio 4;2,6614;0,381473;2,65733;0,787322;2,66602;1,63981
968;44;4,45;2,6;134;Estadio 4;2,66148;0,381408;2,65729;0,786943;2,66606;1,64524
968;44;4,45;2,6;134;Estadio 4;2,66139;0,381353;2,65724;0,787641;2,66597;1,64342
968;44;4,45;2,6;134;Estadio 4;2,66152;0,38136;2,65733;0,787463;2,66609;1,64119
968;44;4,45;2,6;134;Estadio 4;2,66141;0,381311;2,65733;0,787991;2,66607;1,64258
968;44;4,45;2,6;134;Estadio 4;2,6614;0,381321;2,6573;0,787301;2,666;1,64253
968;44;4,45;2,6;134;Estadio 4;2,66143;0,381331;2,65731;0,787385;2,66607;1,64309
968;44;4,45;2,6;134;Estadio 4;2,66138;0,381395;2,6572;0,787331;2,66593;1,64212
970;52;4,05;3,7;255;Estadio 5;2,66142;0,381671;2,65727;0,785783;2,66597;1,63541
970;52;4,05;3,7;255;Estadio 5;2,66138;0,381519;2,6572;0,78586;2,66603;1,63711
970;52;4,05;3,7;255;Estadio 5;2,66147;0,381481;2,65729;0,785845;2,66604;1,63924
970;52;4,05;3,7;255;Estadio 5;2,66145;0,3815;2,6572;0,78673;2,66593;1,63761
970;52;4,05;3,7;255;Estadio 5;2,66138;0,381495;2,65727;0,786011;2,66598;1,63844
970;52;4,05;3,7;255;Estadio 5;2,66134;0,381531;2,65722;0,785955;2,66597;1,63561
970;52;4,05;3,7;255;Estadio 5;2,6614;0,381446;2,6573;0,78561;2,66601;1,63478
970;52;4,05;3,7;255;Estadio 5;2,66129;0,381522;2,65712;0,785751;2,66592;1,63312
970;52;4,05;3,7;255;Estadio 5;2,66139;0,381482;2,65726;0,786065;2,66605;1,63627
970;52;4,05;3,7;255;Estadio 5;2,66144;0,381406;2,65729;0,786127;2,666;1,63766
972;45;4,35;3,1;144;Estadio 4;2,66153;0,381707;2,6574;0,785472;2,6661;1,61885
972;45;4,35;3,1;144;Estadio 4;2,6615;0,381639;2,6573;0,786433;2,66605;1,61779
972;45;4,35;3,1;144;Estadio 4;2,66139;0,381746;2,65731;0,785779;2,666;1,62064
972;45;4,35;3,1;144;Estadio 4;2,66144;0,381664;2,6573;0,787438;2,66597;1,62186
972;45;4,35;3,1;144;Estadio 4;2,66149;0,381584;2,65733;0,788047;2,66607;1,61881
972;45;4,35;3,1;144;Estadio 4;2,6615;0,381576;2,65732;0,787486;2,66608;1,62059
972;45;4,35;3,1;144;Estadio 4;2,66139;0,381656;2,65735;0,785195;2,66601;1,61569
972;45;4,35;3,1;144;Estadio 4;2,66145;0,381582;2,6573;0,78606;2,66605;1,6145
972;45;4,35;3,1;144;Estadio 4;2,66142;0,381603;2,65704;0,786675;2,66595;1,62042
972;45;4,35;3,1;144;Estadio 4;2,66143;0,381566;2,65728;0,7871;2,66601;1,61983
974;53;4,25;7,1;160;Estadio 5;2,66148;0,381713;2,65726;0,786141;2,66603;1,57941
974;53;4,25;7,1;160;Estadio 5;2,66141;0,381721;2,65721;0,786785;2,66598;1,57718
974;53;4,25;7,1;160;Estadio 5;2,66152;0,381601;2,65734;0,786368;2,66613;1,57607
974;53;4,25;7,1;160;Estadio 5;2,66148;0,381636;2,65737;0,786804;2,66607;1,57624
974;53;4,25;7,1;160;Estadio 5;2,66133;0,38162;2,65718;0,786224;2,66589;1,57713
974;53;4,25;7,1;160;Estadio 5;2,6614;0,381501;2,6573;0,786167;2,66596;1,57963
974;53;4,25;7,1;160;Estadio 5;2,66136;0,381558;2,65722;0,787071;2,66597;1,58149
974;53;4,25;7,1;160;Estadio 5;2,66138;0,381596;2,65724;0,78692;2,66594;1,57582
974;53;4,25;7,1;160;Estadio 5;2,66141;0,381568;2,65724;0,786967;2,66597;1,57796
974;53;4,25;7,1;160;Estadio 5;2,66133;0,38159;2,65718;0,786901;2,66597;1,58076
976;51;2,5;4,6;117;Estadio 5;2,66146;0,381668;2,65729;0,784646;2,66601;1,58359
976;51;2,5;4,6;117;Estadio 5;2,66131;0,381771;2,65711;0,784466;2,6658;1,58124
976;51;2,5;4,6;117;Estadio 5;2,66143;0,381683;2,65733;0,784692;2,66597;1,57847
976;51;2,5;4,6;117;Estadio 5;2,66148;0,381538;2,65736;0,783897;2,66604;1,57634
976;51;2,5;4,6;117;Estadio 5;2,66133;0,38155;2,65717;0,784425;2,66597;1,58118
976;51;2,5;4,6;117;Estadio 5;2,66131;0,381549;2,6573;0,784215;2,66592;1,58138
976;51;2,5;4,6;117;Estadio 5;2,66147;0,381504;2,65727;0,783511;2,66597;1,58619
976;51;2,5;4,6;117;Estadio 5;2,66126;0,381579;2,65713;0,784056;2,66581;1,58537
976;51;2,5;4,6;117;Estadio 5;2,66147;0,381525;2,65722;0,783736;2,66598;1,58212
976;51;2,5;4,6;117;Estadio 5;2,66134;0,381572;2,65713;0,784312;2,66585;1,58207
978;48;3,55;4,9;196;Estadio 5;2,66153;0,381598;2,65738;0,783569;2,66605;1,58034
978;48;3,55;4,9;196;Estadio 5;2,66142;0,381729;2,65726;0,784594;2,66599;1,58179
978;48;3,55;4,9;196;Estadio 5;2,66142;0,381708;2,65719;0,784728;2,66592;1,58486
978;48;3,55;4,9;196;Estadio 5;2,66134;0,381694;2,65718;0,786144;2,66584;1,58574
978;48;3,55;4,9;196;Estadio 5;2,66143;0,381655;2,65732;0,784826;2,666;1,58375
978;48;3,55;4,9;196;Estadio 5;2,66134;0,381722;2,65715;0,784824;2,6659;1,58483
978;48;3,55;4,9;196;Estadio 5;2,66136;0,381598;2,65716;0,784882;2,66595;1,58871
978;48;3,55;4,9;196;Estadio 5;2,66133;0,381562;2,65714;0,784654;2,66594;1,58576
978;48;3,55;4,9;196;Estadio 5;2,66134;0,381746;2,65723;0,784113;2,66589;1,58484
978;48;3,55;4,9;196;Estadio 5;2,66135;0,381623;2,65721;0,784425;2,66591;1,58426
980;47;3,65;4,5;162;Estadio 5;2,66146;0,381739;2,65728;0,782797;2,66598;1,59326
980;47;3,65;4,5;162;Estadio 5;2,66147;0,381595;2,65736;0,78423;2,66597;1,59581
980;47;3,65;4,5;162;Estadio 5;2,66145;0,381528;2,65728;0,783249;2,66601;1,59391
980;47;3,65;4,5;162;Estadio 5;2,66136;0,381692;2,65725;0,784064;2,66591;1,59756
980;47;3,65;4,5;162;Estadio 5;2,6614;0,381563;2,65721;0,783565;2,66597;1,599
980;47;3,65;4,5;162;Estadio 5;2,66138;0,381573;2,65712;0,783919;2,6659;1,60202
980;47;3,65;4,5;162;Estadio 5;2,66135;0,381604;2,65713;0,783895;2,66592;1,59637
980;47;3,65;4,5;162;Estadio 5;2,66137;0,381527;2,65708;0,783586;2,66586;1,59743
980;47;3,65;4,5;162;Estadio 5;2,66135;0,381591;2,65727;0,783137;2,66587;1,59814
980;47;3,65;4,5;162;Estadio 5;2,66135;0,381524;2,65719;0,783536;2,66589;1,59727
982;49;4,05;4,5;213;Estadio 5;2,66134;0,381662;2,65716;0,784179;2,66586;1,59893
982;49;4,05;4,5;213;Estadio 5;2,66128;0,3817;2,65717;0,784806;2,66585;1,60216
982;49;4,05;4,5;213;Estadio 5;2,66139;0,381488;2,65721;0,78433;2,66597;1,59942
982;49;4,05;4,5;213;Estadio 5;2,66133;0,381562;2,65717;0,784685;2,66589;1,59624
982;49;4,05;4,5;213;Estadio 5;2,66133;0,381555;2,65719;0,784777;2,66588;1,59836
982;49;4,05;4,5;213;Estadio 5;2,66126;0,381584;2,6571;0,784439;2,66577;1,59789
982;49;4,05;4,5;213;Estadio 5;2,66127;0,381632;2,65706;0,784778;2,66576;1,59717
982;49;4,05;4,5;213;Estadio 5;2,66123;0,381588;2,65713;0,784573;2,6658;1,59747
982;49;4,05;4,5;213;Estadio 5;2,6613;0,381518;2,65715;0,784465;2,66588;1,59582
982;49;4,05;4,5;213;Estadio 5;2,66126;0,38156;2,6572;0,784988;2,66583;1,59342
984;37;4,35;3,5;128;Estadio 4;2,6619;0,381823;2,65772;0,792273;2,66647;1,48674
984;37;4,35;3,5;128;Estadio 4;2,6619;0,38173;2,65773;0,792753;2,66648;1,48459
984;37;4,35;3,5;128;Estadio 4;2,66182;0,381795;2,6576;0,792183;2,66644;1,48607
984;37;4,35;3,5;128;Estadio 4;2,66188;0,381725;2,65761;0,791972;2,66642;1,48547
984;37;4,35;3,5;128;Estadio 4;2,66175;0,381717;2,65758;0,792429;2,66644;1,48885
984;37;4,35;3,5;128;Estadio 4;2,66181;0,381711;2,65766;0,792366;2,66641;1,48568
984;37;4,35;3,5;128;Estadio 4;2,66182;0,381728;2,65758;0,792252;2,66641;1,48797
984;37;4,35;3,5;128;Estadio 4;2,66173;0,38162;2,65752;0,792603;2,66635;1,48658
984;37;4,35;3,5;128;Estadio 4;2,66196;0,381377;2,6578;0,792137;2,66657;1,48397
984;37;4,35;3,5;128;Estadio 4;2,66205;0,381336;2,65787;0,791783;2,66669;1,48648
986;26;4,7;1,2;55;Estadio 2;2,66173;0,381794;2,65749;0,793252;2,6663;1,4941
986;26;4,7;1,2;55;Estadio 2;2,66172;0,381685;2,65749;0,793584;2,66632;1,49309
986;26;4,7;1,2;55;Estadio 2;2,66165;0,381746;2,65756;0,792822;2,6663;1,49206
986;26;4,7;1,2;55;Estadio 2;2,6616;0,38168;2,65756;0,79273;2,66629;1,49316
986;26;4,7;1,2;55;Estadio 2;2,66164;0,381663;2,65748;0,792489;2,66624;1,49555
986;26;4,7;1,2;55;Estadio 2;2,66165;0,38167;2,65746;0,792635;2,66625;1,49159
986;26;4,7;1,2;55;Estadio 2;2,6616;0,381644;2,65752;0,792305;2,66622;1,49454
986;26;4,7;1,2;55;Estadio 2;2,66155;0,381674;2,6574;0,791623;2,66616;1,49243
986;26;4,7;1,2;55;Estadio 2;2,66152;0,381627;2,65734;0,792223;2,66615;1,49121
986;26;4,7;1,2;55;Estadio 2;2,66154;0,381653;2,6574;0,791847;2,66615;1,49417
988;42;3,65;2,9;96;Estadio 4;2,66153;0,381748;2,65742;0,793395;2,66616;1,49838
988;42;3,65;2,9;96;Estadio 4;2,66153;0,381823;2,65736;0,793418;2,66607;1,49181
988;42;3,65;2,9;96;Estadio 4;2,66158;0,381718;2,65734;0,793325;2,66617;1,49282
988;42;3,65;2,9;96;Estadio 4;2,66147;0,381642;2,65737;0,793021;2,66614;1,4919
988;42;3,65;2,9;96;Estadio 4;2,66142;0,381703;2,65724;0,792749;2,66602;1,49376
988;42;3,65;2,9;96;Estadio 4;2,66145;0,381656;2,65725;0,793227;2,66606;1,49512
988;42;3,65;2,9;96;Estadio 4;2,66157;0,381641;2,65739;0,792684;2,66616;1,49414
988;42;3,65;2,9;96;Estadio 4;2,66166;0,381329;2,65748;0,792774;2,66623;1,49275
988;42;3,65;2,9;96;Estadio 4;2,66177;0,381274;2,65774;0,792675;2,66643;1,49841
988;42;3,65;2,9;96;Estadio 4;2,66188;0,381244;2,65782;0,792805;2,66647;1,49225
990;33;3,8;2,2;72;Estadio 3;2,66163;0,381881;2,65752;0,793283;2,66614;1,48973
990;33;3,8;2,2;72;Estadio 3;2,66161;0,38176;2,65748;0,793306;2,66608;1,48918
990;33;3,8;2,2;72;Estadio 3;2,66149;0,381823;2,65747;0,792841;2,66609;1,4917
990;33;3,8;2,2;72;Estadio 3;2,66153;0,381784;2,65741;0,793085;2,66609;1,49038
990;33;3,8;2,2;72;Estadio 3;2,66148;0,38179;2,6573;0,793356;2,66605;1,49071
990;33;3,8;2,2;72;Estadio 3;2,66151;0,381855;2,65733;0,7934;2,66602;1,49245
990;33;3,8;2,2;72;Estadio 3;2,66141;0,381794;2,65732;0,79331;2,66605;1,49128
990;33;3,8;2,2;72;Estadio 3;2,66145;0,381726;2,65733;0,792728;2,66607;1,49207
990;33;3,8;2,2;72;Estadio 3;2,66145;0,381774;2,65732;0,793525;2,66603;1,49036
990;33;3,8;2,2;72;Estadio 3;2,66146;0,381739;2,65735;0,793585;2,66602;1,48993
992;40;4,25;3,1;144;Estadio 4;2,66156;0,381747;2,65748;0,792264;2,66606;1,51827
992;40;4,25;3,1;144;Estadio 4;2,66147;0,381812;2,65737;0,792972;2,66602;1,51861
992;40;4,25;3,1;144;Estadio 4;2,66143;0,38171;2,65734;0,793347;2,66602;1,51715
992;40;4,25;3,1;144;Estadio 4;2,66149;0,381672;2,65732;0,793472;2,66603;1,514
992;40;4,25;3,1;144;Estadio 4;2,66145;0,381716;2,6573;0,79378;2,66597;1,51566
992;40;4,25;3,1;144;Estadio 4;2,66137;0,381756;2,65726;0,793739;2,66594;1,5106
992;40;4,25;3,1;144;Estadio 4;2,6614;0,381692;2,6573;0,793239;2,66596;1,51053
992;40;4,25;3,1;144;Estadio 4;2,66141;0,381763;2,65729;0,793141;2,66596;1,50904
992;40;4,25;3,1;144;Estadio 4;2,6614;0,381701;2,65721;0,794329;2,66594;1,51134
992;40;4,25;3,1;144;Estadio 4;2,66134;0,381697;2,65729;0,793021;2,66598;1,51231
994;29;4;1,9;65;Estadio 3;2,66145;0,381694;2,65735;0,833136;2,66606;1,51664
994;29;4;1,9;65;Estadio 3;2,66144;0,381692;2,65723;0,833142;2,66602;1,51498
994;29;4;1,9;65;Estadio 3;2,6615;0,381689;2,65734;0,832443;2,666;1,51557
994;29;4;1,9;65;Estadio 3;2,66141;0,381724;2,65722;0,832256;2,66599;1,51601
994;29;4;1,9;65;Estadio 3;2,66136;0,381747;2,6573;0,833121;2,66596;1,51482
994;29;4;1,9;65;Estadio 3;2,6614;0,381667;2,6572;0,832828;2,6659;1,51737
994;29;4;1,9;65;Estadio 3;2,66144;0,381646;2,65729;0,83301;2,66593;1,51516
994;29;4;1,9;65;Estadio 3;2,6614;0,381703;2,65724;0,832481;2,666;1,51671
994;29;4;1,9;65;Estadio 3;2,66133;0,38164;2,65724;0,832967;2,66591;1,51786
994;29;4;1,9;65;Estadio 3;2,66134;0,381623;2,65723;0,832954;2,6659;1,51798
995;25;4,5;1,2;23;Estadio 2;2,66151;0,38171;2,65728;0,831729;2,66599;1,51522
995;25;4,5;1,2;23;Estadio 2;2,66139;0,381732;2,65729;0,83235;2,66598;1,515
995;25;4,5;1,2;23;Estadio 2;2,66141;0,381774;2,65725;0,834187;2,66598;1,51597
995;25;4,5;1,2;23;Estadio 2;2,66135;0,381781;2,65721;0,832108;2,66595;1,51418
995;25;4,5;1,2;23;Estadio 2;2,66138;0,381686;2,65734;0,83239;2,66597;1,51523
995;25;4,5;1,2;23;Estadio 2;2,66131;0,381653;2,65725;0,832633;2,66591;1,51548
995;25;4,5;1,2;23;Estadio 2;2,66134;0,381673;2,65722;0,831923;2,66593;1,51366
995;25;4,5;1,2;23;Estadio 2;2,66127;0,381668;2,65717;0,830924;2,66592;1,51601
995;25;4,5;1,2;23;Estadio 2;2,66131;0,381616;2,65725;0,831076;2,66584;1,51638
995;25;4,5;1,2;23;Estadio 2;2,66149;0,381561;2,65723;0,830943;2,66598;1,51802
997;36;4,5;2,1;80;Estadio 3;2,66152;0,381711;2,65746;0,831199;2,66612;1,51291
997;36;4,5;2,1;80;Estadio 3;2,6614;0,381696;2,6573;0,830942;2,66599;1,5145
997;36;4,5;2,1;80;Estadio 3;2,66139;0,381724;2,65738;0,831583;2,66608;1,51703
997;36;4,5;2,1;80;Estadio 3;2,66141;0,381707;2,65729;0,832093;2,66596;1,51744
997;36;4,5;2,1;80;Estadio 3;2,66131;0,381652;2,65726;0,832186;2,66595;1,51897
997;36;4,5;2,1;80;Estadio 3;2,6614;0,38152;2,6573;0,831731;2,66595;1,52357
997;36;4,5;2,1;80;Estadio 3;2,66133;0,381699;2,65723;0,832054;2,66587;1,52116
997;36;4,5;2,1;80;Estadio 3;2,66127;0,381623;2,65721;0,832289;2,66594;1,5228
997;36;4,5;2,1;80;Estadio 3;2,66129;0,381648;2,65724;0,831021;2,6659;1,5178
997;36;4,5;2,1;80;Estadio 3;2,66128;0,381597;2,65719;0,830548;2,66581;1,51697
999;31;4,4;1,5;69;Estadio 3;2,66139;0,381837;2,65735;0,829707;2,66592;1,51832
999;31;4,4;1,5;69;Estadio 3;2,66149;0,381708;2,65726;0,831614;2,66605;1,5225
999;31;4,4;1,5;69;Estadio 3;2,66146;0,381675;2,6574;0,830799;2,66602;1,52112
999;31;4,4;1,5;69;Estadio 3;2,66143;0,381669;2,65738;0,830417;2,66606;1,51946
999;31;4,4;1,5;69;Estadio 3;2,66142;0,38162;2,65742;0,831163;2,66595;1,51996
999;31;4,4;1,5;69;Estadio 3;2,66141;0,381697;2,65737;0,830621;2,66603;1,51872
999;31;4,4;1,5;69;Estadio 3;2,66138;0,381673;2,65743;0,829891;2,66595;1,52045
999;31;4,4;1,5;69;Estadio 3;2,66132;0,381705;2,6573;0,830637;2,66595;1,52211
999;31;4,4;1,5;69;Estadio 3;2,66129;0,381668;2,65729;0,83025;2,6659;1,51971
999;31;4,4;1,5;69;Estadio 3;2,66131;0,381662;2,6572;0,830707;2,66592;1,51833
1001;38;3,85;3,4;112;Estadio 4;2,66163;0,381751;2,65759;0,830889;2,66621;1,51572
1001;38;3,85;3,4;112;Estadio 4;2,66163;0,381735;2,6575;0,831315;2,66621;1,51724
1001;38;3,85;3,4;112;Estadio 4;2,66151;0,38177;2,65743;0,831582;2,66607;1,51739
1001;38;3,85;3,4;112;Estadio 4;2,66158;0,381705;2,6575;0,830597;2,66604;1,51717
1001;38;3,85;3,4;112;Estadio 4;2,66155;0,381714;2,65739;0,83095;2,66607;1,51865
1001;38;3,85;3,4;112;Estadio 4;2,66151;0,381643;2,65746;0,831065;2,66602;1,51683
1001;38;3,85;3,4;112;Estadio 4;2,66148;0,381688;2,65739;0,830945;2,66605;1,51576
1001;38;3,85;3,4;112;Estadio 4;2,66149;0,381726;2,65736;0,830769;2,66601;1,51847
1001;38;3,85;3,4;112;Estadio 4;2,66151;0,38168;2,65735;0,831389;2,66606;1,51924
1001;38;3,85;3,4;112;Estadio 4;2,6615;0,381718;2,6574;0,831467;2,66601;1,51715
1003;30;3,9;1,7;66;Estadio 3;2,66146;0,381792;2,65724;0,831305;2,66598;1,51825
1003;30;3,9;1,7;66;Estadio 3;2,66143;0,381791;2,65728;0,831509;2,66596;1,51724
1003;30;3,9;1,7;66;Estadio 3;2,66143;0,381718;2,65739;0,831625;2,66604;1,51573
1003;30;3,9;1,7;66;Estadio 3;2,66137;0,381678;2,65727;0,832019;2,66594;1,5174
1003;30;3,9;1,7;66;Estadio 3;2,66142;0,381722;2,65734;0,831185;2,666;1,5173
1003;30;3,9;1,7;66;Estadio 3;2,66135;0,381662;2,65715;0,831863;2,66584;1,52
1003;30;3,9;1,7;66;Estadio 3;2,66137;0,381667;2,6572;0,831238;2,66579;1,51961
1003;30;3,9;1,7;66;Estadio 3;2,66137;0,381714;2,65729;0,830785;2,66592;1,51643
1003;30;3,9;1,7;66;Estadio 3;2,66128;0,381711;2,65721;0,831484;2,66587;1,51593
1003;30;3,9;1,7;66;Estadio 3;2,66129;0,381613;2,65712;0,830302;2,66587;1,51633
1005;35;4,6;1,4;72;Estadio 3;2,66132;0,381993;2,65717;0,832835;2,66584;1,52526
1005;35;4,6;1,4;72;Estadio 3;2,66118;0,382022;2,65714;0,832931;2,66583;1,52484
1005;35;4,6;1,4;72;Estadio 3;2,66151;0,381602;2,65744;0,831885;2,66609;1,52188
1005;35;4,6;1,4;72;Estadio 3;2,6613;0,381854;2,65722;0,832956;2,66592;1,52365
1005;35;4,6;1,4;72;Estadio 3;2,66146;0,381707;2,65732;0,831968;2,66597;1,52368
1005;35;4,6;1,4;72;Estadio 3;2,66125;0,381888;2,65714;0,832815;2,66578;1,52573
1005;35;4,6;1,4;72;Estadio 3;2,66154;0,381706;2,65727;0,83282;2,66602;1,52856
1005;35;4,6;1,4;72;Estadio 3;2,66138;0,38173;2,65723;0,832487;2,66591;1,52878
1005;35;4,6;1,4;72;Estadio 3;2,66165;0,381354;2,65764;0,832242;2,66622;1,52469
1005;35;4,6;1,4;72;Estadio 3;2,6617;0,381359;2,65764;0,832174;2,66623;1,52535
1007;41;4,1;3,01;124;Estadio 4;2,66151;0,381634;2,65737;0,830989;2,66603;1,6807
1007;41;4,1;3,01;124;Estadio 4;2,66157;0,38148;2,65731;0,831753;2,66607;1,67621
1007;41;4,1;3,01;124;Estadio 4;2,66141;0,381481;2,65727;0,83112;2,666;1,67539
1007;41;4,1;3,01;124;Estadio 4;2,66144;0,381458;2,65717;0,832242;2,66599;1,67398
1007;41;4,1;3,01;124;Estadio 4;2,66145;0,381436;2,65739;0,832148;2,66603;1,67569
1007;41;4,1;3,01;124;Estadio 4;2,66143;0,381392;2,65743;0,831064;2,66596;1,67612
1007;41;4,1;3,01;124;Estadio 4;2,66143;0,381381;2,65743;0,83139;2,66598;1,67731
1007;41;4,1;3,01;124;Estadio 4;2,66144;0,381426;2,65725;0,831664;2,66591;1,67664
1007;41;4,1;3,01;124;Estadio 4;2,66129;0,381413;2,65726;0,831499;2,66588;1,67927
1007;41;4,1;3,01;124;Estadio 4;2,66138;0,381406;2,65739;0,832178;2,66593;1,6773
1009;32;4,3;1,73;70;Estadio 3;2,66161;0,381508;2,65756;0,831993;2,6661;1,66922
1009;32;4,3;1,73;70;Estadio 3;2,66154;0,381476;2,65739;0,832291;2,6661;1,67367
1009;32;4,3;1,73;70;Estadio 3;2,66152;0,381458;2,65746;0,832016;2,66608;1,6683
1009;32;4,3;1,73;70;Estadio 3;2,66152;0,381566;2,65732;0,832155;2,66603;1,66992
1009;32;4,3;1,73;70;Estadio 3;2,6615;0,381543;2,65747;0,831962;2,6661;1,66935
1009;32;4,3;1,73;70;Estadio 3;2,66145;0,381486;2,65743;0,832178;2,66604;1,67262
1009;32;4,3;1,73;70;Estadio 3;2,66147;0,381496;2,65746;0,831099;2,66602;1,67041
1009;32;4,3;1,73;70;Estadio 3;2,66144;0,381548;2,6572;0,832924;2,66594;1,67341
1009;32;4,3;1,73;70;Estadio 3;2,66144;0,381456;2,65733;0,832323;2,66594;1,67048
1009;32;4,3;1,73;70;Estadio 3;2,66133;0,381522;2,65722;0,832927;2,66589;1,6685
1011;27;4,6;0,9;56;Estadio 2;2,66165;0,381504;2,65764;0,831986;2,66616;1,66688
1011;27;4,6;0,9;56;Estadio 2;2,66149;0,381556;2,65744;0,832531;2,66604;1,66224
1011;27;4,6;0,9;56;Estadio 2;2,6616;0,381499;2,65747;0,831839;2,66605;1,65812
1011;27;4,6;0,9;56;Estadio 2;2,66153;0,381506;2,65749;0,832046;2,66609;1,66041
1011;27;4,6;0,9;56;Estadio 2;2,66146;0,381552;2,65745;0,831196;2,666;1,66083
1011;27;4,6;0,9;56;Estadio 2;2,66146;0,381511;2,65729;0,8323;2,66593;1,66117
1011;27;4,6;0,9;56;Estadio 2;2,6614;0,38153;2,65735;0,832114;2,66596;1,66282
1011;27;4,6;0,9;56;Estadio 2;2,66148;0,381462;2,65729;0,83213;2,6659;1,66009
1011;27;4,6;0,9;56;Estadio 2;2,6615;0,381551;2,65729;0,832523;2,66603;1,65936
1011;27;4,6;0,9;56;Estadio 2;2,66147;0,381504;2,65726;0,832467;2,66593;1,65912
1013;34;4,4;1,8;74;Estadio 3;2,66155;0,381598;2,65743;0,833238;2,66604;1,65374
1013;34;4,4;1,8;74;Estadio 3;2,6615;0,381525;2,65739;0,832765;2,6661;1,64915
1013;34;4,4;1,8;74;Estadio 3;2,66157;0,381504;2,65754;0,83308;2,66611;1,65171
1013;34;4,4;1,8;74;Estadio 3;2,66145;0,381519;2,65734;0,833279;2,66603;1,65297
1013;34;4,4;1,8;74;Estadio 3;2,6615;0,381511;2,65739;0,832715;2,66601;1,65099
1013;34;4,4;1,8;74;Estadio 3;2,66148;0,38146;2,65737;0,832851;2,66597;1,65229
1013;34;4,4;1,8;74;Estadio 3;2,66142;0,381454;2,65733;0,831849;2,66598;1,65038
1013;34;4,4;1,8;74;Estadio 3;2,66147;0,381561;2,65735;0,832329;2,66605;1,65402
1013;34;4,4;1,8;74;Estadio 3;2,66148;0,38152;2,65739;0,83414;2,66606;1,65495
1013;34;4,4;1,8;74;Estadio 3;2,66138;0,381457;2,65739;0,83291;2,66603;1,65341
1015;28;4,5;1,2;64;Estadio 3;2,6615;0,381522;2,6574;0,833789;2,66609;1,65266
1015;28;4,5;1,2;64;Estadio 3;2,66143;0,381605;2,65736;0,833307;2,66596;1,65629
1015;28;4,5;1,2;64;Estadio 3;2,66151;0,381501;2,65743;0,832661;2,66604;1,65388
1015;28;4,5;1,2;64;Estadio 3;2,66149;0,381461;2,65732;0,832595;2,66601;1,66265
1015;28;4,5;1,2;64;Estadio 3;2,66155;0,381429;2,65741;0,833527;2,66602;1,65676
1015;28;4,5;1,2;64;Estadio 3;2,66145;0,381442;2,65727;0,833008;2,66602;1,65785
1015;28;4,5;1,2;64;Estadio 3;2,66143;0,381447;2,65738;0,833286;2,66599;1,65679
1015;28;4,5;1,2;64;Estadio 3;2,6614;0,381437;2,65743;0,832874;2,66597;1,65646
1015;28;4,5;1,2;64;Estadio 3;2,66146;0,381376;2,65731;0,833826;2,66595;1,66481
1015;28;4,5;1,2;64;Estadio 3;2,66139;0,381429;2,65731;0,833362;2,66599;1,6631
1017;39;3,75;2,9;112;Estadio 4;2,66158;0,38152;2,65753;0,832228;2,6661;1,65007
1017;39;3,75;2,9;112;Estadio 4;2,66149;0,381563;2,65733;0,832491;2,66598;1,6476
1017;39;3,75;2,9;112;Estadio 4;2,6614;0,381511;2,65739;0,832965;2,666;1,65026
1017;39;3,75;2,9;112;Estadio 4;2,66148;0,381561;2,65744;0,832496;2,66605;1,64816
1017;39;3,75;2,9;112;Estadio 4;2,66143;0,38153;2,65733;0,832887;2,666;1,64701
1017;39;3,75;2,9;112;Estadio 4;2,66151;0,381449;2,65742;0,83207;2,66604;1,64658
1017;39;3,75;2,9;112;Estadio 4;2,66165;0,381238;2,65768;0,832787;2,66618;1,6516
1017;39;3,75;2,9;112;Estadio 4;2,66182;0,381058;2,65767;0,832339;2,66643;1,65142
1017;39;3,75;2,9;112;Estadio 4;2,66189;0,381032;2,65778;0,831129;2,66647;1,65
1017;39;3,75;2,9;112;Estadio 4;2,66164;0,381236;2,65758;0,832339;2,66618;1,65098
